Model,R2_avg,MAE_avg,RMSE_avg
Random Forest (MultiOutput),0.3324081659827445,2.2635750287358545,4.836679551113045
Linear Regression (MultiOutput),0.3333313498050933,2.2628967040818337,4.832436179240664
Gradient Boosting (MultiOutput),0.3316543653942701,2.3847807683967646,4.8419816742532396
