,Age,Gender,BMI,Derived_HRV,Derived_Pulse_Pressure,Derived_MAP
Heart Rate,0.15074262767503938,0.0215560069174212,0.28009996379113267,0.27941769905149355,0.12254600414630518,0.14563769841860819
Respiratory Rate,0.1508490203290171,0.02124892640811407,0.27207643245460644,0.2776989766914862,0.1313660511106201,0.14676059300615596
Body Temperature,0.15213056264277078,0.021980352343783652,0.27793068477808097,0.2761704147486719,0.1298838904878043,0.14190409499888837
Oxygen Saturation,0.1585258455844722,0.01845114631692777,0.2770692137757707,0.27760590020972076,0.12958479189747701,0.13876310221563168
Systolic Blood Pressure,0.0,0.0,0.0,0.0,0.6828338560838176,0.31716614391618225
Diastolic Blood Pressure,0.0,0.0,0.0,0.0,0.362689846423564,0.6373101535764361
