Model,R2_avg,MAE_avg,RMSE_avg
Random Forest (MultiOutput),0.33243609243720224,2.2635826265149714,4.836625780437615
Linear Regression (MultiOutput),0.3333313498050934,2.2628967040818346,4.832436179240664
Gradient Boosting (MultiOutput),0.3316137365869304,2.3848355252047226,4.842157850313404
